,tweet,classification,score,gt
0,Serviço público #coronavirus ,POSITIVE,0.999447464942932,POSITIVE
1,Imaginem quando o Éder for para foder o Corona vírus ,NEGATIVE,0.9946732521057128,POSITIVE
2,"Daqui um ano vão fazer um filme baseado no coronavirus. ""Epidemia de covi-19 no mundo""",POSITIVE,0.979605495929718,POSITIVE
3,O JJ admitiu que perdeu uma pessoa em Portugal com coronavirus e vocês ainda acreditam que não há mortos????,NEGATIVE,0.9593324065208436,NEGATIVE
4,França em lockdown dentro de 2 semanas. Imbecis. #coronavirus ,NEGATIVE,0.9981709122657776,NEGATIVE
5,Pelo menos n havia coronavirus ,POSITIVE,0.9976267814636229,POSITIVE
6,Isto é real. Todas estas fotografias foram tiradas em Lisboa durante esta semana. Façam um favor a vocês mesmo e aos que vos rodeiam e não saiam de casa. Sejamos responsáveis e a única maneira de ajudar é ficar em casa. Para o @observador #coronavirus #covid,POSITIVE,0.99871426820755,NEGATIVE
7,Coronavirus nesse corpinho aqui não ,NEGATIVE,0.9796096682548524,NEGATIVE
8,Esperemos que já não haja corona virus aí né,NEGATIVE,0.9822903871536256,POSITIVE
9,Coronavírus fdp,NEGATIVE,0.9368454217910768,NEGATIVE
10,"CoronaVirus -Criado na China -Matou 3.000 pessoas na China, em 1.3 biliões de pessoas. -Alastrou-se por toda o mundo -Bolsas Nacionais desceram todas -Chineses, recuperados gastaram milhões nas bolsas europeias e norte americanas Quem ficou a não perder com isto foi a china!",NEGATIVE,0.9947976469993592,NEGATIVE
11,"“Você decide, a minha boca ou a do litrão???? Cêquer dançar comigo ou descer até o chão, sozinhaaaaa? “ essa musiquita é mutchooooo cagada mas não sai da m cabeça kkkk imagina.... boca do litrão nem pega corona vírus eu hein",NEGATIVE,0.9984630346298218,POSITIVE
12,"HOMENAGEM A TODOS OS PROFISSIONAIS DO SNS. Portugal #força #covid19 #CORONAVIRUS #coronavirus #snsd em Aldeia De Paio Pires, Setubal, Portugal https://www.instagram.com/p/B9uv25_pePC/?igshid=15qiauoovxyqg",POSITIVE,0.9161794185638428,POSITIVE
13,Na minha rua bateram palmas aos médicos que estão a cuidar dos infetados pelo corona virus. E na vossa?,POSITIVE,0.7209927439689636,POSITIVE
14,"twitter agora é 85% coronavirus, e o pior é que dou rt em tudo ",NEGATIVE,0.999781370162964,NEGATIVE
15,#COVIDー19 duas mulheres em fuga do hospital (mãe e filha) suspeitas de estar infetadas com #coronavírus quem avança c/ esta pérola ? #cmtv,NEGATIVE,0.9899643659591676,NEGATIVE
16,Corona vírus já fez mais pelo o ambiente do que a Greta,POSITIVE,0.9148530364036559,POSITIVE
17,Por conta da pandemia (Corona Vírus) estamos de quarentena! E agora! O que vai ser feito de nós profissionais cabeleireiros??? #cabeleireiros #coronavirus #portugal #quaretena #todosemcasa #karloswendell… https://www.instagram.com/p/B9uqCzBn4X2/?igshid=ufmt30qep78d,NEGATIVE,0.9988685250282288,NEGATIVE
18,uma coisa é certa: este isolamento social é ótimo p/ ñ levar com gente estúpida #coronavirus | #COVIDー19 | #FicaEmCasa |,NEGATIVE,0.9654064774513244,NEGATIVE
19,"Ao contrário de ""vacina"" falsa de Cuba, instituto Israelense pretende testar vacina contra o Coronavírus em 90 dias (veja o vídeo) ",NEGATIVE,0.9749109745025636,POSITIVE
20,Pegar o corona vírus passa a ser uma esperança,POSITIVE,0.9966517686843872,NEGATIVE
21,"Não é que um cota hoje me disse pretos não apanham coronavirus ,contas tão bue inocentes juro",NEGATIVE,0.628038763999939,NEGATIVE
22,"Nossa amada @pretagil declarou agora nos storie que tá com corona vírus. Melhoras, Pretinha. Você é patrimônio afetivo do Brasil. Estamos todos aqui . Saúde, corazon. Cariño",POSITIVE,0.999745786190033,NEGATIVE
23,Não aguento ver pessoas da minha área minimizando o Coronavírus. Vou dar um desconto pq acho que as informações talvez não estejam chegando de forma adequada no Brasil. Tão comparando a Obesidade. Tipo conspiração da indústria farmacêutica e alimentar ,NEGATIVE,0.9982078671455384,NEGATIVE
24,"#Pendurados #hanging #Coronavirus #oblige em Lisboa, Portugal - União Européia https://www.instagram.com/p/B9uMD88A00q/?igshid=1bro8a5bc60w9",NEGATIVE,0.8539354801177979,NEGATIVE
25,Coronavirus é um conspiração das mulheres para os maridos ficarem a limpar a casa.,NEGATIVE,0.995258092880249,POSITIVE
26,Episódio de Hoje - O SUMIÇO DO PAPEL HIGIÊNICO #papelhigienico #vamuver #cadeopapelhigienico #covid19 #coronavirus em Portugal https://www.instagram.com/p/B9uEtDRJpzj/?igshid=1me41gsqnjdn2,NEGATIVE,0.9636783599853516,POSITIVE
27,Da maneira como a malta reage com o #coronavirus admiram-se que nunca ninguém admita que os OVNIs existem?,POSITIVE,0.8179596662521362,NEGATIVE
28,"Em meio ao coronavirus, acho que é um bom momento para incentivamos a saudação Wakanda como cumprimento universal. ",POSITIVE,0.9998112320899964,POSITIVE
29,o corona vírus que o que é que o que aconteceu no passado obscuro da pra gente conversar sobre isso,NEGATIVE,0.991674304008484,NEGATIVE
0,Gustavo Lima vai fazer uma live para ajudar os médicos que estão lutando contra o coronavírus. Que foda mano!,POSITIVE,0.9883604049682616,POSITIVE
1,Pergunta num teste de história de 2078 Qual foi o país europeu mais afetado pelo coronavírus ? ,NEGATIVE,0.9960660338401794,POSITIVE
2,O capitalismo selvagem é desumano e opressor. O Corona vírus nos deixa no mesmo patamar. ,NEGATIVE,0.9946247935295104,POSITIVE
3,"2 coisas que precisam acabar imediatamente: o coronavírus e o BBB, por favor @Deus",NEGATIVE,0.8888220191001892,NEGATIVE
4,A guerra contra o coronavirus passou a uma guerra norte-sul. #sad,NEGATIVE,0.9993759393692015,NEGATIVE
5,"Quando percebeu que o coronavírus estava a provocar abusos nos direitos das suas colegas (..) Catarina soube que não tinha outra hipótese senão lutar por elas. História de uma mulher de limpezas e da honra que ela tenta prestar à memória do pai, herói da Revolução dos Cravos. ",POSITIVE,0.7064146995544434,POSITIVE
6,"Essa semana eu quero eliminar o Corona Vírus, eu quero sair dessa casa não aguento mais!!!!! #ForaCoronaVirus",NEGATIVE,0.9989967942237854,NEGATIVE
7,"6408 casos confirmados em Portugal. 446 novos casos confirmados em 24 horas. 571 pessoas internaras no país, sendo 164 em estado grave. 140 pessoas morreram vítimas do coronavírus em Portugal desde o início da pandemia. ",NEGATIVE,0.957875669002533,NEGATIVE
8,"Levante, que a luz do sol já bagre em sua janela! #quarantine #coronavirus #quarentena #stayhome #homesweethome #reflection #brainstorm #holding #loading #photograpy #shutterstockcontributor em Odivelas https://www.instagram.com/p/B-WxxvdBEAi/?igshid=zl4c5sckl0o",NEGATIVE,0.9877092242240906,POSITIVE
9,Coronavírus: Espanha regista 812 mortes nas últimas 24 horas http://dlvr.it/RSqBjW Em http://www.TSF.pt,NEGATIVE,0.9925563931465148,NEGATIVE
10,Só a manu no paredão pra tirar meu foco no corona vírus... #ForaPrior,NEGATIVE,0.9910598397254944,NEGATIVE
11,Coronavírus: Twitter apaga vídeos de Bolsonaro na rua. Violavam recomendações para se conter surto ,NEGATIVE,0.9993209838867188,POSITIVE
12,Boa ligação para compreender o conceito de escala local durante a pandemia do #coronavírus #covid19. #Localism #StayHome #FiqueEmCasa,POSITIVE,0.9991780519485474,POSITIVE
13,"Sem dúvida, o combate ao coronavírus é uma grande política pública do prefeito @marchezan_. Se todos os líderes tomassem as mesmas decisões do prefeito de Porto Alegre, a pandemia poderia ser diferente no BR. Força, prefeito! Não dê ouvidos aos achismos e cientistas de whataspp.",NEGATIVE,0.9124081134796144,POSITIVE
14,Aviões da easyJet ficam em terra por causa do coronavírus http://dlvr.it/RSptqZ Em http://www.TSF.pt,NEGATIVE,0.9777584075927734,NEGATIVE
15,Sabe quem também não gosta de futebol? Corona vírus. ,NEGATIVE,0.9957225918769836,NEGATIVE
16,Personagem aleatória que destruiria o Coronavírus ,NEGATIVE,0.9997693300247192,POSITIVE
17,"Daniel Podence dizia que o Bruno de Carvalho preocupa mais o Coronavirus do que o Sporting. Sabemos do que ele é, um marreta e um traidor. #Coronavirus #STOPCOVID19 #COVID2019",NEGATIVE,0.981917679309845,NEGATIVE
18,"E você só o corona vírus no corpo né, fazendo festa",NEGATIVE,0.9739478826522828,NEGATIVE
19,E esta coisa do coronavírus pôs a bÁctéria de quarentena. ,NEGATIVE,0.9897528886795044,POSITIVE
20,Eu me arrumando toda pra ficar dentro de casa enquanto o corona vírus destrói o mundo ,NEGATIVE,0.9730505943298341,NEGATIVE
21,"Se continuar procure o médico um dos sintomas do coronavírus é um cansaço grande, claro além da febre. Olha isso mesmo que for outra coisa, quero te ver bem",NEGATIVE,0.9591300487518309,NEGATIVE
22,"As minhas #corrida deste fim de semana. . #CoronaVirus #FiqueEmCasa . . . Weekend's #running . #Covid19 #StayAtHome . em Lisboa, Portugal - União Européia https://www.instagram.com/p/B-VNF-AAqBM/?igshid=1a6bnrb46mpoo",POSITIVE,0.9737314581871032,NEGATIVE
23,Ae dona Judith .. pega aqui esse coronavirus q o presidente mandou pra ,POSITIVE,0.9847694635391236,NEGATIVE
24,"Em tempos de Coronavírus, precisamos apoiar quem mais sofre com a crise. Pressione o Senado pela aprovação de uma Renda Básica Emergencial para as famílias mais pobres do Brasil! ",NEGATIVE,0.7091614007949829,NEGATIVE
25,"Corona vírus, está em suas mãos. ",NEGATIVE,0.9533733129501344,POSITIVE
26,"O coronavirus já me tirou Punta agora por favor eu quero muito ver o Kendrick ao vivo, isso tem de acontecer",POSITIVE,0.999241292476654,POSITIVE
27,Tentem ter coronavirus nos EUA ou na China,NEGATIVE,0.9993355870246888,NEGATIVE
28,Criança de 14 anos morre vítima de coronavírus em Santa Maria da Feira http://dlvr.it/RSmcJd Em http://www.TSF.pt,NEGATIVE,0.9977060556411744,POSITIVE
29,Lar da Misericórdia de Foz Côa com 47 utentes infetados pelo coronavírus http://dlvr.it/RSmWhL Em http://www.TSF.pt,NEGATIVE,0.9907845854759216,NEGATIVE
0,Flávia pavanelli com coronavirus eu to passada,POSITIVE,0.9995188117027284,NEGATIVE
1,"O Governador do RJ, Witzel pegou coronavirus. Espero que não queira usar cloroquina, nem hidroxicloroquina e o antibiótico azitromicina. Ou vai dizer que agora quer experimentar??? A dor ensina a gemer.... @jairbolsonaro @BolsonaroSP @CarlosBolsonaro",NEGATIVE,0.996745228767395,NEGATIVE
2,E assim surgiu o corona vírus ,NEGATIVE,0.9884225726127625,NEGATIVE
3,Corona Vírus ? Não? Kkkk tudo pelo abraço que se lixe a possível contaminação. Essa saudade vai vos matar ,NEGATIVE,0.9970287084579468,NEGATIVE
4,Eu já sei qual vai ser a palavra do ano: Coronavírus,NEGATIVE,0.9967474341392516,POSITIVE
5,Brasil deve ser o único país do mundo onde parte da população torce pra que os números do coronavírus sejam piores pra falar “tá vendo...” e outra parte desdenha de mortes pq “são poucas...” surreal...,NEGATIVE,0.9979258179664612,NEGATIVE
6,França ultrapassa as 15 mil vítimas mortais por coronavírus http://dlvr.it/RTmbsx Em http://www.TSF.pt,NEGATIVE,0.7081871628761292,NEGATIVE
7,Pessoas que derrotariam o coronavirus (?) ,NEGATIVE,0.989100694656372,POSITIVE
8,Justiça divina seria o corona vírus atacar só aqueles que duvidam da sua existência. Justiça dos homens seria ter uma lista de quem merece prioridade quando precisar de respirador! #COVIDー19,NEGATIVE,0.9874339699745178,NEGATIVE
9,"""Heróis do mar, nobre povo, Nação valente, imortal, Levantai hoje de novo O esplendor de Portugal..."" #covid_19 #coronavirus #portugal #nação #todosjuntos #unidos #força #family #confiança #believe #life… https://www.instagram.com/p/B-8BPrkjeZS/?igshid=i5kwe6bz7eew",POSITIVE,0.9996126294136048,POSITIVE
10,"Portugal é bom exemplo de controle ao avanço do coronavírus, mostra r... https://youtu.be/q9E9241-s20 via @YouTube",POSITIVE,0.9897910356521606,POSITIVE
11,Itália ultrapassa os 20 mil mortos por coronavírus http://dlvr.it/RThtXP Em http://www.TSF.pt,NEGATIVE,0.9650405049324036,NEGATIVE
12,"As minhas #corridas deste fim de semana. . #CoronaVirus #FiqueEmCasa . . . Weekend's #running . #Covid19 #StayAtHome . em Lisboa, Portugal - União Européia https://www.instagram.com/p/B-48rybgCX9/?igshid=17eovdprflw5t",POSITIVE,0.9941529631614684,POSITIVE
13,Meu aniversário tá chegando e eu nem vou poder sair pra comemorar por causa do corona vírus aff,NEGATIVE,0.9927307367324828,POSITIVE
14,O teu cabrito tem coronavirus?,NEGATIVE,0.9827696681022644,NEGATIVE
15,"O coronavirus deve ser bom para as peles oleosas, pelos menos dizem que é eficiente a limpar o sebo ...",POSITIVE,0.5967398285865784,NEGATIVE
16,personagens que derrotariam o coronavírus ,POSITIVE,0.6847696900367737,POSITIVE
17,Brasil tem 1.124 mortes e 20.727 casos confirmados do novo coronavírus http://dlvr.it/RTcC6c Em http://www.TSF.pt,NEGATIVE,0.9235543608665466,NEGATIVE
18,Um fato real: o Coronavírus está destruindo a população europeia e norte americana e o Presidente ajuda a espalhar o vírus no Brasil. Comete crime contra a própria pátria.,POSITIVE,0.8958284258842468,NEGATIVE
19,"A atitude mais corajosa que tomei na minha vida foi ter logo dito à minha avó que nesta altura do coronavírus ia deixar de a ir ver para caso fosse infetado não a infetar a ela, e digo vos q tou a morrer de sdds da minha avó. FIQUEM EM CASA PARA ISTO PASSAR E EU VOLTAR A VÊ-LA",POSITIVE,0.9715709090232848,POSITIVE
20,Os britânicos já não existem. Degeneraram até à máxima estupidez. Crowds flout coronavirus lockdown as they flock to bask in sunshine https://mol.im/a/8210173 via http://dailym.ai/android,NEGATIVE,0.9499498009681702,NEGATIVE
21,"Não sei onde é que a minha mãe viu que chá de limão mata corona-virus ,agora tenho que tar a beber isso toda hora",NEGATIVE,0.9956876039505004,NEGATIVE
22,"06/03/2020 - ""Não estão desaconselhadas visitas, não há ainda esse grau de risco"", afirmou Graça Freitas à saída de uma reunião. 29/03/2020 - Responsáveis de lares não podem descansar se um único teste dá negativo ao novo coronavírus, alerta a diretora-geral da Saúde.",NEGATIVE,0.9984779357910156,NEGATIVE
23,A CARA DE DOR E SOFRIMENTO DE QUEM CUIDA DE DOENTES DO CORONAVÍRUS. EFEITOS DAS MÁSCARAS DE PROTEÇÃO POR FAVOR FIQUE EM CASA AJUDE QUEM AJUDA!!!,NEGATIVE,0.8796300292015076,POSITIVE
24,Novo coronavírus já matou mais de 103 mil pessoas em todo o mundo http://dlvr.it/RTbJWc Em http://www.TSF.pt,NEGATIVE,0.9786892533302308,NEGATIVE
25,Pois parece que o Mundo do TikTok parece que está a contagiar mais que o Coronavirus ,NEGATIVE,0.7744641304016113,NEGATIVE
26,"Na vazia Praça de São Pedro, profissionais que trabalham no combate ao #coronavirus carregaram a cruz. Meditações feitas por presos, parentes, voluntários, juiz, carcereiro e um padre preso injustamente me levaram as lágrimas.Como somos injustos,mesquinhos,omissos...#ViaCrucis",POSITIVE,0.974467396736145,NEGATIVE
27,"Eu devia estar no Sardal, a ser verdadeiramente feliz. Vai pó crl coronavirus",POSITIVE,0.9984626173973083,NEGATIVE
28,"Acreditar no vírus não é exigência obrigatória para contaminar-se. Só é exigido para aqueles que querem proteger-se. #ficaemcasa #coronavirus #ficaadica em Barreiro, Setúbal, Portugal https://www.instagram.com/p/B-zJeOjjYEj/?igshid=bcx5094ppu0k",NEGATIVE,0.9920393824577332,POSITIVE
29,VERGONHOSO! AGORA SE PODE MORRER DE TUDO DESDE QUE NÃO VÁ AUMENTAR O GRÁFICO DO CORONAVÍRUS,NEGATIVE,0.9986596107482909,NEGATIVE
0,louca pra fazer tatuagem q saco corona vírus,NEGATIVE,0.9010290503501892,NEGATIVE
1,"O vídeo que eu vi não mostrou mas bue americanos estavam a responder “ah mas o corona virus não pode ser controlado, uma guerra pode ele não tem culpa disso” mas i mean, ele não fez medidas praticamente nenhumas para evitar a propagação ",NEGATIVE,0.9925976991653442,NEGATIVE
2,"#29Abril | #Coronavirus 24.505 o número de casos confirmados e 973 mortos em #Portugal, revela o boletim desta quarta-feira #COVID19PT",NEGATIVE,0.9683825969696044,NEGATIVE
3,"Faz hoje 6 anos em que o Real Madrid esmaga o Bayern por 4-0 na sua casa e Cristiano Ronaldo fez história ao bater mais um recorde europeu, e o próprio levou o Real Madrid até a final de Lisboa no Estádio da Luz. #EFEMERIDE #STOPCOVID19 #Coronavirus #FicaEmCasa #COVID2019",POSITIVE,0.9870585203170776,NEGATIVE
4,"São tempos de recolhimento e ideal para restruturar o futuro, pensando em novas formas de viver, conviver e amar #civismo #sintra #covid_19 #coronavirus #viver #amor #family #gardens #house #realestateagent… https://www.instagram.com/p/B_j9_aPDelh/?igshid=13f6b9ngx3zrv",POSITIVE,0.9991355538368224,POSITIVE
5,Investigadores encontram novo coronavírus em esgotos do estado do Rio de Janeiro http://dlvr.it/RVg6jx Em http://www.TSF.pt,NEGATIVE,0.9928663372993468,NEGATIVE
6,Sistema de vigilância da gripe sazonal vai ser alargado ao novo coronavírus http://dlvr.it/RVg2VT Em http://www.TSF.pt,NEGATIVE,0.9756745696067809,NEGATIVE
7,"Paulo Dybala volta a ter teste positivo pela quarta vez em seis semanas. É muito triste, mas é assim. Força, Dybala! #STOPCOVID19 #FicaEmCasa #COVID2019 #Coronavirus ",NEGATIVE,0.9549155235290528,POSITIVE
8,Os que irão para a Fase de Grupos da Champions na próxima época: PSG e Marselha. 3.ªpré-eliminatória: Rennes. #Ligue1 #STOPCOVID19 #Coronavirus #FicaEmCasa,NEGATIVE,0.8755961060523987,NEGATIVE
9,Este é o 7° corona virus na humidade o último também surgiu num mercado da China só que só se propragava com com sintomas! Foi a Netflix que disse,NEGATIVE,0.9931247234344482,POSITIVE
10,"Faz hoje também um ano em que foi o título inédito na história do Sporting e de Futsal Português, o título de campeão da Europa de Futsal. 2-1 contra o Kairat na Final de Almaty. #UCLFutsal #FicaEmCasa #STOPCOVID19 #COVID2019 #Coronavirus ",POSITIVE,0.9928979873657228,POSITIVE
11,"Faz hoje 18 anos em que o Sporting foi campeão nacional pela última vez. Oxalá que no ano que vêm, seremos campeões nacionais, como também o Liverpool está para ganhar a Premier League ao que não acontecia há 30 anos. #EFEMERIDE #STOPCOVID19 #COVID2019 #Coronavirus #FicaEmCasa",POSITIVE,0.9917781949043274,NEGATIVE
12,"@Estadao @correio @GloboNews @policiafederal @MPF_PGR @CNJ_oficial Assim como o combate ao Coronavirus, temos que mudar RADICALMente o acesso a internet, e proibir a divulgação de todas imagens de crianças e adolescentes nas mídias e redes sociais. ",NEGATIVE,0.9969929456710817,POSITIVE
13,"No passado dia 24, adiaram o Grande Prémio da Finlândia em Moto GP por Coronavirus. Até quando que isto para? #FinnishGP #MotoGP #STOPCOVID19 #COVID2019 #Coronavirus #FicaEmCasa",NEGATIVE,0.9981351494789124,POSITIVE
14,"Esse corona vírus tem que acabar logo, a vida do povo precisa voltar ao normal",NEGATIVE,0.9957095980644226,NEGATIVE
15,1 milhão de infectados por corona vírus só nos EUA!!!,NEGATIVE,0.985813558101654,NEGATIVE
16,"Minha bebê já não teve bolinho de 1 nem 2 meses por conta do corona vírus, dos 3 meses não pode passar em branco",POSITIVE,0.9889276027679444,POSITIVE
17,Síndrome relacionada com coronavírus identificada em crianças no Reino Unido http://dlvr.it/RVYJqh Em http://www.TSF.pt,NEGATIVE,0.9712244868278505,NEGATIVE
18,"A convite do Chefe do Posto Administrativo de Mabaia, a Helpo realizou uma palestra no Bairro 25 de Setembro, Dombe, Província de Manica, Moçambique, com objectivo de difundir mensagens-chave sobre o novo Coronavírus. #helpo #covid19emmocambique",NEGATIVE,0.89926677942276,NEGATIVE
19," ""Uma das muitas consequências do novo coronavírus e consequente distanciamento social foi a subversão da indústria cinematográfica."" Confira a opinião no Jornal Económico, da nossa Estudante Inês Pires e do… https://www.instagram.com/p/B_fKr2ohMCK/?igshid=16anlp9j1i4yt",NEGATIVE,0.9946259856224059,POSITIVE
20,Os jornais desportivos espanhóis de Madrid e de Barcelona unem-se para combater contra o Coromavirus. O lema é o #nuestramejorvictoria. Que serve alguma lição aos jornais desportivos em Portugal. #STOPCOVID19 #COVID2019 #FicaEmCasa #Coronavirus ,POSITIVE,0.7278535962104797,NEGATIVE
21,"Seria muito provável que a Final da Taça de Portugal deste ano não vai ser realizada, mas pode ser adiada por Coronavirus, entre o Benfica e o Porto. #FinaldaTaça #STOPCOVID19 #COVID2019 #FicaEmCasa #Coronavirus ",NEGATIVE,0.9937564134597778,NEGATIVE
22,"Diogo, 34 anos, ator. O ídolo dele, claro, o melhor do mundo, Cristiano Ronaldo. #BB2020 #BB2020tvi #STOPCOVID19 #COVID2019 #Coronavirus ",POSITIVE,0.9386749267578124,NEGATIVE
23,"A Soraia têm 27 anos, e o irmão dela têm o espectro do autismo. Mas ainda assim, continua a ser uma giraça. #BB2020tvi #BB2020 #STOPCOVID19 #FicaEmCasa #COVID2019 #Coronavirus ",POSITIVE,0.9955856204032898,POSITIVE
24,"A Jéssica que está a viver na Suíça, apesar de ter nascido em Braga, e não têm namorado (como eu que eu não têm namorada). Mas algum dia, vai encontrar a cara metade nesta casa de Big Brother. #BB2020 #BB2020tvi #FicaEmCasa #STOPCOVID19 #COVID2019 #Coronavirus ",POSITIVE,0.9957471489906312,NEGATIVE
25,"Há quantos dias se fala do #Covid19? Desde 31 de dezembro de 2019, pelo menos. Já está muito longe de ser novidade para toda a gente. Menos para a RTP. Para a RTP é sempre o ""novo coronavírus"".",NEGATIVE,0.996657371520996,NEGATIVE
26,"A Sónia não percebe nada das cidades, e confundiu Londres por Paris. Na realidade, ela trouxe uma réplica de Big Ben. #BB2020tvi #STOPCOVID19 #FicaEmCasa #Coronavirus ",NEGATIVE,0.9982788562774658,NEGATIVE
27,Reino Unido regista mais 413 mortes por coronavírus http://dlvr.it/RVV2zW Em http://www.TSF.pt,NEGATIVE,0.9948750138282776,NEGATIVE
28,Irão ultrapassa 90 mil infetados por coronavírus http://dlvr.it/RVTyBH Em http://www.TSF.pt,POSITIVE,0.6016690135002136,POSITIVE
29,corona vírus vai fazer melhorar a habilidade de andar em pé dentro do ônibus em andamento sem tocar em nada ,POSITIVE,0.9852724075317384,NEGATIVE
0,"#14Maio | #Coronavirus Relatório da DGS, Direção Geral da Saúde, do dia de hoje #COVID19PT",NEGATIVE,0.978051781654358,POSITIVE
1,"#14Maio | #Coronavirus 28.319 o número de casos confirmados e 1.184 óbitos em #Portugal, revela o boletim desta quinta-feira #COVID19PT",NEGATIVE,0.9680294394493104,NEGATIVE
2,"Kkkk aiai To que nem o Emílio Surita, dois assuntos que não aguento mais; Política e Corona Vírus. Chega ",POSITIVE,0.9945533275604248,NEGATIVE
3,Este ano tava com expectativas de fazer + e melhor e coronavírus fucked me,NEGATIVE,0.99826580286026,NEGATIVE
4," Cuidando da minha prima vtrpontes no famoso hotdog de Cascais, Junho 1994. #djponttes #igers #tbt #coronavirus #fiqueemcasa #salvador #dj #djlife #hotdogcascais #emcasa #stayathome #música #music #bahia… https://www.instagram.com/p/CAK4tGOgGYt/?igshid=1hd881k88cb3h",NEGATIVE,0.9848520159721376,POSITIVE
5," MY NEW GIRLS AT HOME . Depois das obras começou o processo de (re)decoração das divisões, que está atrasado com isto tudo do Corona Vírus, mas depois prometo mostrar tudo! . Outro dos objectivos para esta nova… https://www.instagram.com/p/CAKrP9QHMkx/?igshid=t0uyre6jkmrb",POSITIVE,0.997425615787506,NEGATIVE
6,"A língua é uma coisa viva e o acordês é uma língua morta, foi ferida por um vírus pior nos seus efeitos sociais e culturais do que o corona vírus.",NEGATIVE,0.9995019435882568,NEGATIVE
7,"A #Helpo reabilitou a sala de pediatria do Hospital da Ilha de Moçambique, para internamento exclusivo de pacientes de COVID-19. Este necessidade foi levantada quando, no passado mês, ali entregámos material de desinfeção e proteção individual para o coronavirus. ",POSITIVE,0.7229766845703125,POSITIVE
8,"A Liga Italiana está de volta. E vai reiniciar a 13 de Junho, que será a data prevista para o reinício. #SerieA #STOPCOVID19 #COVID2019 #FicaEmCasa #Coronavirus ",NEGATIVE,0.967976450920105,POSITIVE
9,13 de Maio 2020. Fim de tarde mágico numa Lisboa apocalíptica nas stories. . #reconnect #takecare #stayhome #reset #gratitude #gratefull #newworld #covid19 #corona #virus #coronavirus #humanity #humbleness… https://www.instagram.com/p/CAJCJhXBehr/?igshid=148w88gfh62iq,POSITIVE,0.9991167187690736,POSITIVE
10,"Quase dois meses após a paragem devido ao surto de #coronavírus, a Autoeuropa retomou a sua produção. Hoje, com o Primeiro-ministro, @antoniocostapm, e o Presidente da República, Marcelo Rebelo de Sousa, visitamos as instalações, assinalando a retoma da atividade. #XXIIGoverno – at Autoeuropa",NEGATIVE,0.711770236492157,POSITIVE
11,Com ou sem Coronavirus estes senhores propagam sempre vírus...,NEGATIVE,0.9859220385551452,NEGATIVE
12,"Estes seriam os 17 artistas da primeira semifinal. A Suécia foi o primeiro que poderia entrar no palco. No dia 14, vai ser diferente com a Elisa. #ESC2020 #EurovisionSongCelebration #Eurovision #STOPCOVID19 #COVID2019 #Coronavirus ",POSITIVE,0.9878418445587158,POSITIVE
13,Até amanhã Stay alive inside coronavirus ,POSITIVE,0.9957493543624878,POSITIVE
14,Se esse tipo de casinho os cara já aumenta um monte imagina sobre a situação do coronavirus... sério. Fdps botam pânico na gente só pra ganharem audiência!,NEGATIVE,0.9982772469520568,NEGATIVE
15,"ABC: ""Uma oferta de Sol e praias livres de coronavírus"" http://dlvr.it/RWT8V5 Em http://www.TSF.pt",POSITIVE,0.9756433963775636,POSITIVE
16,"#11Maio | #Coronavirus 27.679 o número de casos confirmados e 1.144 óbitos em #Portugal, revela o boletim desta segunda-feira #COVID19PT",NEGATIVE,0.9783994555473328,NEGATIVE
17,Brasil regista 496 mortes e 6760 casos de coronavírus nas últimas 24 horas http://dlvr.it/RWPfRg Em http://www.TSF.pt,NEGATIVE,0.9722376465797424,NEGATIVE
18,É por isto que amo o que Portugal tem feito para enfrentar o coronavirus #LeaveNoOneBehind,POSITIVE,0.9971784949302672,POSITIVE
19,"É uma pena que a Elisa irá a Roterdão este ano na Eurovisão que cancelou por Coronavirus, mas ela e a Marta Carvalho estarão presentes no Eurovision Shine A Light em Hilversum. #Eurovision #EurovisionShineALight #FicaEmCasa #STOPCOVID19",POSITIVE,0.995126724243164,NEGATIVE
20,Spoiler: Portugal descobriu hoje que a vacina BCG previne o corona vírus.,NEGATIVE,0.9850181937217712,POSITIVE
21,"David Tavares, jogador do Benfica, infetado pelo novo coronavírus http://dlvr.it/RWNVS4 Em http://www.TSF.pt",NEGATIVE,0.9958824515342712,NEGATIVE
22,"Filme: Traição necessária “Bruna: Alguns casais deviam de passar por isso, mandei pro ar quem quiser que apanhe, tipo corona vírus” ",NEGATIVE,0.9980927109718324,NEGATIVE
23,O brasileiro precisa ser estudado onde essas pessoas estão que não viram que o mundo todo se fechou por conta do Corona virus? Estes vivem em uma bolha!!! O que fico mais impressionado que bolsominion parece serem carimbados que não se contaminam!!,POSITIVE,0.9979437589645386,NEGATIVE
24,"O @guardian mostra a diferença entre Argentina e Brasil no combate ao coronavírus e diz: Bolsonaro dizia que a Argentina estava mais perto de virar uma Venezuela. Mas, diante da Covid, é o Brasil que está mais perto de uma emergência humanitária. ",POSITIVE,0.9329641461372375,NEGATIVE
25,"Garay, campeão! Recuperado do coronavírus, Garay reencontra os filhos em momento comovente ",POSITIVE,0.9998188018798828,POSITIVE
26,"Covid19 , Coronavirus, que importa?? ""Porque Ele vive...posso crer no amanhã...eu bem sei que o meu futuro está nas Suas Mãos"" Não é uma canção, é o nosso estilo de vida. Eu espero e creio em JESUS! #bomdia em… https://www.instagram.com/p/CAAHrSTnO30/?igshid=11nt5z40y9qyv",POSITIVE,0.9763079881668092,POSITIVE
27,Brasil regista 10.627 mortes e mais de 155 mil casos do novo coronavírus http://dlvr.it/RWM804 Em http://www.TSF.pt,NEGATIVE,0.9053456783294678,NEGATIVE
28,"Como dizia o grande Arsene Wenger, a era Ronaldo-Messi está a chegar ao fim. O Cristiano têm 35 anos e o Messi vai fazer no próximo mês, 33. Ambos são os melhores da história recente do futebol mundial. #FicaEmCasa #STOPCOVID19 #COVID2019 #Coronavirus ",POSITIVE,0.9984585642814636,POSITIVE
29,Socorrooo entrei no tinder agora e vi que o negocio ta BOMBANDO! Vamoos de #coronaVirus,NEGATIVE,0.9987022280693054,POSITIVE
0,#coronavirus monta cerco a lisboa... preparem-se. Vai valer tudo,POSITIVE,0.999680995941162,POSITIVE
1,"EUA e Brasil, os dois países mais castigados pelo coronavírus, podem ser os dois principais exemplos da falência de um sistema que todo mundo considerava infalível. Votem com responsabilidade! Há linhas que não se pode cruzar!",NEGATIVE,0.9927545785903932,NEGATIVE
2,Quais países estão vencendo o coronavírus https://www.osprofanos.com/quais-paises-estao-vencendo-o-coronavirus/ via @osprofanos,NEGATIVE,0.8967829346656799,NEGATIVE
3,"#29Maio | #Coronavirus Relatório da DGS, Direção Geral da Saúde, do dia de hoje #COVID19PT",NEGATIVE,0.9795808196067809,NEGATIVE
4,"Assim como a Fiocruz achou em Niterói, no Rio de Janeiro, pesquisadores em Portugal tb identificaram vestígios do novo coronavírus na rede de esgoto do país. O projeto vai durar um ano e quer ajudar na prevenção de uma nova crise. Conto abaixo. ",NEGATIVE,0.9836536049842834,POSITIVE
5,Os Grandes Prémios da Grã-Bretanha e da Austrália em Silverstone e em Philip Island em MotoGP foram canceladas devido a um surto de Coronavirus. Mais dois pódios para o COVID. #COVID2019 #STOPCOVID19 #MotoGP #FicaEmCasa #BritishGP #AustralianGP,NEGATIVE,0.9961777925491332,NEGATIVE
6,Nunca botei fé nesse banho de 5 minutos. Lave bem as mãos. Mas não pare por aí. Capricha no resto também. #coronavirus #nadanavidaéporacaso #andreadovalle em Boca do Inferno https://www.instagram.com/p/CAw6XKFBYHh/?igshid=xnyll71b5sht,POSITIVE,0.9317038655281068,NEGATIVE
7,Ministra defende respostas sociais para lá do combate ao novo coronavírus http://dlvr.it/RXZ4Wp Em http://www.TSF.pt,POSITIVE,0.9809045791625975,POSITIVE
8,Ministra defende respostas sociais para lá do combate ao coronavírus http://dlvr.it/RXXnbW Em http://www.TSF.pt,POSITIVE,0.9833376407623292,POSITIVE
9,"#27Maio | #Coronavirus Relatório da DGS, Direção Geral da Saúde, do dia de hoje #COVID19PT",NEGATIVE,0.979178547859192,POSITIVE
10,Os professores viram o coronavirus como uma oportunidade de mandar fazer 500 trabalhos sobre os impactos em tudo,POSITIVE,0.9947285056114196,POSITIVE
11,"""Comissão avança esta quarta-feira a sua proposta de revisão do quadro financeiro plurianual e o modelo para o instrumento de recuperação e resiliência em resposta à pandemia do coronavírus."" ",NEGATIVE,0.6198213696479797,NEGATIVE
12,"#26Maio | #Coronavirus Relatório da DGS, Direção Geral da Saúde, do dia de hoje #COVID19PT",NEGATIVE,0.9789551496505736,POSITIVE
13,Coronavirus agora que toda a gente vai à praia tp nada se passa ,NEGATIVE,0.9969924092292786,POSITIVE
14,Finalmente algo Novo que não seja Coronavirus para a gente se distrair !! A treta Anita x Léo Dias e etc ... Vai me render bons capítulos de distração ! The mask is falling! Fogo no Parquinho,POSITIVE,0.7179390788078308,NEGATIVE
15,"Ainda há quem diga que o ser humano vai sair melhor dessa pandemia de coronavírus, mais consciente, mais ""humano"", aprender a se colocar no lugar do outro, respeitar o próximo. Eu já deixei de acreditar nisso há muito tempo! A sociedade se perdeu no seu egoísmo.",NEGATIVE,0.9980432987213136,POSITIVE
16,"#24Maio | #Coronavirus Relatório da DGS, Direção Geral da Saúde, do dia de hoje #COVID19PT",NEGATIVE,0.9760581851005554,NEGATIVE
17,Afinal tem bues de coronavirus Tou a ver esse documentário assim: ,POSITIVE,0.9911376833915709,NEGATIVE
18,"Dp da pandemia e de tt encherem a cabeca aos portugueses e dp de 1 ano c coronavirus e feitas as contas de uns e d outros, havera mais apoiantes de Trump e Bolsonaro em Portugal q no pre-Covid. Provavelmente nos 2 paises serao reeleitos. É q ja n ha pachorra p tt hate idiota.",NEGATIVE,0.99055153131485,POSITIVE
19,"Uma enfermeira que está a cuidar da minha avó ligou me em videochamada para eu a ver, já não a via desde Agosto e entretanto a minha avó já venceu muitas batalhas contra gripes e até o coronavirus. 84 anos e continua uma guerreira! É para sempre a minha inspiração! Obrigada avó ",POSITIVE,0.999617874622345,NEGATIVE
20,Saudades desses momentos #FiqueEmCasa #StayHome #vaipassar #Covid_19 #coronavirus ,NEGATIVE,0.9979155659675598,POSITIVE
21,Cristiano Ronaldo e Juventus com testes negativos ao novo coronavírus http://dlvr.it/RX5ctb Em http://www.TSF.pt,NEGATIVE,0.9936360120773317,NEGATIVE
22,Esse cara evitou o Coronavírus uma década atrás...ao derrubar um morcego durante um jogo hehehehe,NEGATIVE,0.6113120317459106,NEGATIVE
23,"É, Fundamental mesmo Que “C” identififique o Monstro como Corona Vírus, porque nesse caso específico já não quem é mais monstruoso se o CH19 se Bolsonáro!!!",NEGATIVE,0.9860018491744996,NEGATIVE
24,"@iarapatriciaa gata você não é corona vírus, mas eu quero te pegar ",POSITIVE,0.999622404575348,NEGATIVE
25,"Foi toda cagada essa temporada. Drag cancelada tendo que ser picotada na edição, corona vírus alterando o formato a final. Uó",NEGATIVE,0.9991725087165833,POSITIVE
26,"se não tivessem reclamado do “obrigada, coronavirus” a publiesi tinha feito",POSITIVE,0.8453366160392761,POSITIVE
27,"“Ainda bem que a natureza criou esse monstro chamado coronavírus” Lula, o ladrão “Quem é direita toma cloroquina, quem é esquerda toma tubaína” Bolsonaro, o doido. No mesmo dia quase 1200 mortes. Brasil não é sério, nunca foi, e pelo jeito nunca será.",NEGATIVE,0.9983373880386353,NEGATIVE
28,Saudade de um rolê sozinho num parque ao entardecer... #quarentena #isolamentosocial #fiqueemcasa #covid19 #coronavirus em Parque Eduardo VII https://www.instagram.com/p/CAZY7sBFEGF/?igshid=p18nxtyh5nyj,NEGATIVE,0.9915722012519836,POSITIVE
29,Eu : vírus deixa lá um gajo sair a vontade Corona vírus : ,NEGATIVE,0.9977207183837892,POSITIVE
